#,platform,openrank
1,GitHub,101953694.84368923
2,Gitee,223280.0029739663
