#,platform,openrank
1,GitHub,119368037.91206044
2,Gitee,285328.84839145094
